college,sex,age,adress,famsize,medu,fedu,mjob,fjob,reason,traveltime,studytime,failures,schoolsup,famsup,paid,activities,higher,internet,romantic,freetime,goout,dalc,walc,health,project,certification,absences,G3,cgpa
1,1,18,1,1,4,4,0,2,0,2,2,0,1,0,0,0,1,0,0,3,4,1,1,3,1,9,4,11,7.64
1,1,17,1,1,1,1,0,2,0,1,2,0,0,1,0,0,1,1,0,3,3,1,1,3,4,2,2,11,7.61
1,1,15,1,0,1,1,0,2,2,1,2,0,1,0,0,0,1,1,0,3,2,2,3,3,2,5,6,12,8.67
1,1,15,1,1,4,2,1,1,3,1,3,0,0,1,0,1,1,1,1,2,2,1,1,5,3,10,0,14,6.65
1,1,16,1,1,3,3,2,2,3,1,2,0,0,1,0,0,1,0,0,3,2,1,2,5,0,8,0,13,6.79
1,0,16,1,0,4,3,1,2,1,1,2,0,0,1,0,1,1,1,0,4,2,1,2,5,5,9,6,13,5.03
1,0,16,1,0,2,2,2,2,3,1,2,0,0,0,0,0,1,1,0,4,4,1,1,3,0,0,0,13,6.19
1,1,17,1,1,4,4,2,2,3,2,2,0,1,1,0,0,1,0,0,1,4,1,1,1,5,7,2,13,6.34
1,0,15,1,0,3,2,1,2,3,1,2,0,0,1,0,0,1,1,0,2,2,1,1,1,4,6,0,17,8.08
1,0,15,1,1,3,4,2,2,3,1,2,0,0,1,0,1,1,1,0,5,1,1,1,5,4,9,0,13,7.92
1,1,15,1,1,4,4,2,1,1,1,2,0,0,1,0,0,1,1,0,3,3,1,2,2,1,9,2,14,8.63
1,1,15,1,1,2,1,1,2,1,3,3,0,0,1,0,1,1,1,0,2,2,1,1,4,1,9,0,13,7.84
1,0,15,1,0,4,4,1,1,0,1,1,0,0,1,0,1,1,1,0,3,3,1,3,5,2,1,0,12,9.02
1,0,15,1,1,4,3,2,2,0,2,2,0,0,1,0,0,1,1,0,4,3,1,2,3,4,6,0,13,6.8
1,0,15,1,1,2,2,2,2,3,1,3,0,0,1,0,0,1,1,1,5,2,1,1,3,2,6,0,15,8.47
1,1,16,1,1,4,4,1,2,3,1,1,0,0,1,0,0,1,1,0,4,4,1,2,2,5,1,6,17,6.63
1,1,16,1,1,4,4,1,1,1,1,3,0,0,1,0,1,1,1,0,2,3,1,2,2,1,3,10,14,7.77
1,1,16,1,1,3,3,2,2,1,3,2,0,1,1,0,1,1,0,0,3,2,1,1,4,3,8,2,14,6.02
1,0,17,1,1,3,2,1,1,0,1,1,3,0,1,1,1,1,1,0,5,5,2,4,5,5,7,2,7,7.12
1,0,16,1,0,4,3,1,2,3,1,1,0,0,0,0,1,1,1,0,1,3,1,3,5,0,4,6,12,9.85
1,0,15,1,1,4,3,2,2,1,1,2,0,0,0,0,0,1,1,0,4,1,1,1,1,0,0,0,14,5.09
1,0,15,1,1,4,4,1,1,2,1,1,0,0,1,1,0,1,1,0,4,2,1,1,5,1,1,0,12,6.4
1,0,16,1,0,4,2,2,2,0,1,2,0,0,0,0,1,1,1,0,5,1,1,3,5,2,5,0,14,7.89
1,0,16,1,0,2,2,2,2,1,2,2,0,0,1,0,1,1,1,0,4,4,2,4,5,4,3,2,10,6.02
1,1,15,0,1,2,4,1,1,0,1,3,0,1,1,0,1,1,1,0,3,2,1,1,5,4,0,2,10,6.7
1,1,16,1,1,2,2,1,1,3,1,1,0,0,1,0,0,1,1,0,2,2,1,3,5,0,0,6,12,5.19
1,0,15,1,1,2,2,2,2,3,1,1,0,0,1,0,0,1,1,0,2,2,1,2,5,0,2,8,12,6.59
1,0,15,1,1,4,2,1,1,2,1,1,0,0,0,0,0,1,1,0,2,4,2,4,1,0,1,0,11,5.21
1,0,16,1,0,3,4,1,2,3,1,2,0,1,1,1,1,1,1,0,3,3,1,1,5,1,6,2,13,5.59
1,0,16,1,1,4,4,2,2,3,1,2,0,0,1,1,1,1,1,1,4,5,5,5,5,2,0,4,12,6.39
1,0,15,1,1,4,4,1,1,3,1,2,0,0,1,1,0,1,1,0,4,2,3,4,5,5,2,0,11,7.53
1,0,15,1,1,4,4,1,1,1,2,2,0,0,1,0,1,1,1,0,3,1,1,1,5,4,8,2,15,5.44
1,0,15,0,1,4,3,2,0,0,1,2,0,0,1,0,1,1,1,1,5,2,1,1,5,5,0,0,15,5.19
1,0,15,1,0,3,3,2,2,0,1,2,0,0,0,0,1,1,1,0,3,2,1,1,2,0,7,0,12,9.53
1,0,16,1,1,3,2,2,2,3,1,1,0,0,1,0,0,1,1,0,4,3,1,1,5,0,5,4,12,6.71
1,1,15,1,1,2,3,2,2,2,2,1,0,0,1,0,1,1,0,0,5,1,1,1,5,4,3,4,11,8.53
1,0,15,1,0,4,3,2,1,3,1,3,0,0,1,0,1,1,1,0,4,3,1,1,4,0,6,0,14,9.11
1,0,16,0,1,4,4,2,2,1,2,3,0,0,1,0,1,1,1,1,4,3,1,1,5,5,9,4,13,6.15
1,1,15,0,1,3,4,1,1,0,1,3,0,1,1,0,1,1,1,0,3,2,1,1,5,0,7,2,12,5.12
1,1,15,0,1,2,2,0,2,1,1,1,0,1,1,0,1,1,0,0,3,1,1,1,2,2,2,8,12,7.23
1,1,16,1,0,2,2,2,2,3,2,2,0,0,1,0,1,1,1,1,3,3,1,2,3,3,2,16,10,8.42
1,0,15,1,0,4,4,2,2,3,1,1,0,0,1,0,0,1,1,1,4,3,2,4,5,0,1,8,11,5.21
1,0,15,1,1,4,4,1,2,0,1,2,0,0,1,0,1,1,1,0,3,3,1,1,5,0,7,0,15,9.18
1,0,15,1,1,2,2,1,1,0,1,1,0,1,1,0,0,1,1,0,4,1,1,1,1,1,7,0,10,8.47
1,1,16,1,0,2,2,2,0,0,2,2,1,1,0,0,1,1,1,0,3,3,2,2,5,2,10,14,11,9.17
1,1,15,1,0,4,3,2,2,0,1,2,0,1,1,1,1,1,1,1,2,2,1,1,5,2,5,4,11,9.97
1,1,16,1,0,3,3,2,1,3,1,2,0,0,1,0,0,1,1,0,3,5,1,4,3,4,10,6,13,7.83
1,0,16,1,1,4,3,1,1,1,1,4,0,0,0,0,1,1,1,0,2,2,1,1,2,4,3,2,17,7.28
1,0,15,1,1,4,2,2,2,3,1,2,0,0,1,0,0,1,0,0,3,3,2,2,5,5,6,4,13,8.22
1,1,15,1,1,4,4,1,2,2,1,2,0,1,1,0,1,1,1,0,4,4,1,1,3,5,0,2,12,8.92
1,1,16,1,0,2,2,1,1,0,3,2,0,0,1,0,0,1,1,0,3,3,2,3,4,5,0,0,13,6.45
1,1,15,1,0,4,2,1,2,2,1,2,0,0,1,0,0,1,1,0,3,3,1,1,5,3,10,0,16,6.89
1,0,15,1,0,4,2,1,1,2,2,1,0,0,0,0,0,1,0,0,5,5,3,4,5,5,5,4,9,6.69
1,1,15,1,1,4,4,1,1,0,1,1,0,1,1,0,0,1,1,0,3,4,2,3,5,5,7,0,12,7.8
1,1,15,1,0,3,3,2,2,2,1,1,0,0,0,0,0,1,1,0,3,4,4,4,1,0,10,0,13,5.3
1,1,16,1,1,2,1,2,2,2,1,2,0,0,0,0,1,1,1,1,3,4,1,1,2,1,1,2,12,8.69
1,1,15,1,1,4,3,1,1,1,1,2,0,0,1,0,1,1,1,0,3,2,1,1,1,2,3,0,15,6.62
1,0,15,1,1,4,4,2,1,1,1,2,0,0,1,0,1,1,0,0,2,2,1,1,5,1,0,8,16,5.21
1,0,15,1,0,1,2,2,0,3,1,2,0,1,1,0,1,1,1,0,3,2,1,1,5,3,8,0,14,9.2
1,1,16,1,1,4,2,1,2,0,1,2,0,0,1,1,0,1,1,0,2,3,1,1,5,1,4,2,16,5.47
1,1,16,0,1,4,4,1,2,2,1,2,0,0,1,0,1,1,0,0,4,4,2,3,4,4,4,0,16,6.67
1,1,16,1,1,1,1,1,1,0,4,1,0,1,1,0,1,1,1,1,5,5,5,5,5,3,7,0,16,6.41
1,1,16,1,0,1,2,2,1,1,1,2,0,1,0,0,1,1,1,0,4,3,1,1,1,0,4,0,10,9.06
1,1,16,1,1,4,3,2,1,3,1,3,0,1,1,0,1,1,1,0,4,4,2,4,4,3,5,0,13,5.1
1,1,15,1,0,4,3,1,1,1,1,2,0,1,0,0,1,1,1,1,4,4,2,4,2,0,2,0,12,7.96
1,1,16,1,0,4,3,2,1,0,3,2,0,0,1,0,1,1,1,0,4,3,1,2,1,1,2,2,16,5.66
1,0,15,1,1,4,4,2,1,1,1,4,0,0,1,0,1,1,1,1,3,3,5,5,3,5,4,0,12,9.63
1,1,16,1,1,3,1,1,2,0,1,4,0,1,1,0,0,1,1,0,3,3,1,2,5,0,9,0,10,6.49
1,1,15,0,0,2,2,1,1,1,2,2,0,1,1,0,0,1,1,0,1,3,1,3,4,4,9,0,11,5.93
1,1,15,0,0,3,1,2,2,1,2,4,0,0,1,0,0,1,1,0,4,2,2,3,3,1,1,6,15,7.82
1,0,16,1,1,3,1,2,2,1,2,4,0,0,1,0,0,1,1,0,3,2,1,1,5,5,3,2,11,6.05
1,0,15,1,1,4,2,2,2,0,1,4,0,0,0,0,0,1,1,0,3,3,1,1,3,5,0,0,10,9.59
1,1,15,0,1,1,1,2,2,1,1,2,0,1,1,0,0,1,1,1,3,4,2,4,5,3,4,2,11,9.66
1,0,16,1,1,3,1,2,2,1,1,1,0,0,0,0,1,1,0,0,3,2,2,2,5,5,8,0,14,9.06
1,1,16,1,1,3,3,2,1,3,1,2,0,1,1,0,1,1,1,0,3,3,2,4,5,3,10,4,11,9.22
1,0,15,1,1,4,3,2,2,3,1,2,0,0,1,0,1,1,1,0,3,3,2,3,5,3,6,0,11,9.54
1,0,15,1,1,4,0,2,2,0,2,4,0,0,0,0,1,1,1,0,4,3,1,1,1,3,8,0,11,6.08
1,1,16,1,1,2,2,2,2,1,1,4,0,0,0,0,0,1,1,1,2,3,1,3,3,1,2,1,13,7.09
1,0,17,1,1,2,1,2,2,3,2,1,3,1,1,0,1,0,1,0,5,1,1,1,3,4,6,0,10,5.56
1,1,16,1,1,3,4,0,2,0,1,2,0,0,1,0,0,1,1,0,4,3,1,2,3,3,7,14,11,9.99
1,0,15,1,1,2,3,2,1,0,1,1,0,1,1,0,1,1,1,1,2,2,1,3,3,2,3,0,12,5.36
1,0,15,1,1,2,3,2,2,3,1,3,0,1,0,0,0,1,1,0,3,2,1,2,5,0,1,2,9,7.7
1,1,15,1,0,3,2,1,2,1,1,2,0,0,1,0,0,1,1,0,4,4,1,1,5,4,10,4,11,7.15
1,0,15,1,0,2,2,1,1,3,2,2,0,0,0,1,1,1,1,0,3,3,1,3,4,5,3,2,13,6.1
1,1,15,1,1,1,1,2,2,3,1,2,0,0,1,0,1,1,1,0,3,2,2,3,4,4,0,2,12,7.47
1,1,15,1,1,4,4,1,1,1,2,2,0,0,0,0,0,1,1,1,4,4,2,3,5,0,3,4,12,5.78
1,1,16,1,0,2,2,0,2,0,1,2,0,0,1,0,0,1,0,0,3,4,1,2,2,1,7,6,11,8.09
1,1,15,1,1,4,2,2,2,1,1,3,0,0,1,0,1,1,1,0,3,3,1,3,1,4,5,4,15,6.9
1,0,16,1,1,2,2,1,2,1,2,2,0,0,0,0,1,1,1,0,4,2,1,1,3,0,5,6,11,6.11
1,0,16,1,0,4,4,2,1,1,1,2,0,0,1,0,0,1,0,0,1,3,3,5,5,0,2,6,10,9.6
1,1,16,1,1,3,3,2,2,3,1,3,0,0,1,0,0,1,1,1,3,3,1,3,4,1,10,2,11,8.96
1,1,15,1,1,4,3,1,2,1,1,1,0,0,0,0,1,1,1,0,5,5,1,3,1,1,1,6,13,7.36
1,1,16,1,0,3,1,2,2,3,1,2,0,1,1,0,0,1,0,0,3,3,2,3,2,0,3,0,12,5.58
1,1,16,1,1,4,2,2,1,3,2,2,0,0,1,0,1,1,1,0,3,3,1,1,1,0,10,2,14,5.96
1,0,15,1,0,2,2,1,1,1,1,4,0,0,1,0,1,1,1,0,3,4,1,1,4,3,8,2,12,6.01
1,1,15,0,1,1,1,0,2,3,2,4,0,1,1,1,1,1,1,0,1,2,1,1,1,4,0,4,13,7.11
1,0,16,0,1,4,3,1,2,1,2,1,0,1,1,1,1,1,1,0,3,3,1,1,4,0,3,6,11,9.23
1,1,16,1,1,2,1,2,2,0,1,2,0,0,1,0,0,1,0,1,3,5,1,1,5,2,7,0,12,7.63
1,1,16,1,1,4,4,2,2,1,1,1,0,0,0,0,1,1,1,0,3,4,1,2,1,0,8,4,13,9.24
1,1,16,1,1,4,3,2,0,0,1,3,0,1,1,0,0,1,1,0,3,5,1,1,3,1,8,2,13,5.57
1,0,16,1,1,4,4,1,1,2,1,1,0,1,1,0,1,1,1,0,5,5,5,5,4,3,2,12,8,5.7
1,0,16,1,1,4,4,1,2,2,1,3,0,0,1,0,1,1,1,1,4,3,1,1,4,3,7,0,16,7.54
1,0,15,1,1,4,4,1,2,0,1,1,0,0,1,1,1,1,1,0,3,3,1,1,5,0,9,2,12,6.55
1,1,15,1,1,3,2,1,2,3,2,2,0,1,1,0,0,1,1,0,3,5,1,1,2,2,10,16,10,6.65
1,0,15,1,1,3,4,1,2,0,1,2,0,0,1,0,1,1,1,0,4,4,1,1,1,0,9,0,16,7.91
1,1,15,1,1,3,3,2,1,1,1,4,0,1,0,0,0,1,0,0,3,3,1,1,4,1,4,10,10,6.17
1,1,15,1,1,2,2,2,2,0,1,4,0,1,1,0,0,1,1,0,1,2,1,1,3,4,10,4,10,8.87
1,0,16,1,1,3,3,1,2,3,1,3,0,0,1,0,1,1,1,0,3,3,1,1,5,3,2,4,14,5.29
1,0,15,0,1,4,4,2,2,3,4,4,0,0,1,0,1,1,1,1,3,5,3,5,1,5,1,8,11,7.6
1,1,16,1,0,4,4,1,1,2,1,3,0,0,1,0,1,1,1,1,4,5,1,1,4,2,7,2,14,8.7
1,0,15,1,0,4,4,2,2,0,1,1,0,0,0,0,1,1,1,0,5,3,1,1,4,4,0,4,14,9.14
1,1,16,0,1,3,3,1,2,1,1,3,0,1,1,0,1,1,1,0,1,2,1,1,2,2,1,4,11,6.74
1,1,16,1,1,2,2,0,2,3,1,2,1,1,0,0,1,1,1,0,1,2,1,1,5,3,4,12,10,6.89
1,0,15,1,0,4,2,2,2,0,1,1,0,0,0,0,0,1,1,0,5,2,1,1,3,3,1,10,18,8.23
1,0,15,0,1,2,1,1,1,1,1,2,0,0,0,0,1,1,1,1,4,2,1,1,5,0,5,4,10,7.05
1,0,16,1,1,4,4,2,2,0,1,2,0,0,1,0,1,1,1,0,4,4,1,2,5,1,3,6,14,8.1
1,0,15,1,1,4,4,2,2,1,2,2,0,0,1,0,1,1,0,0,4,3,1,1,2,0,8,4,16,6.32
1,0,16,1,1,3,3,2,1,3,2,1,0,0,0,0,1,1,1,0,4,2,1,1,5,1,1,6,15,5.32
1,0,17,0,1,1,3,2,2,0,3,2,1,0,1,0,1,1,1,0,2,4,1,4,5,1,10,14,11,5.52
1,0,15,1,1,3,4,2,2,1,1,1,0,0,0,0,0,1,1,0,4,3,1,2,4,1,8,2,14,8.22
1,1,15,1,1,1,2,0,1,0,1,2,0,0,0,0,0,1,1,0,2,3,1,2,1,3,6,0,14,6.4
1,0,15,1,1,2,2,1,1,3,1,4,0,0,1,0,1,1,1,0,5,4,1,2,5,5,2,6,13,9.21
1,1,16,1,0,2,4,2,1,0,2,2,0,0,1,0,1,1,1,1,2,2,1,2,5,3,3,2,13,5.86
1,0,16,1,1,4,4,1,2,0,1,1,0,0,1,0,1,1,1,0,4,4,1,4,5,1,1,4,13,7.31
1,1,16,1,1,2,2,2,2,3,1,2,0,0,0,0,0,1,1,1,4,4,1,1,5,3,3,0,11,7.85
1,0,15,1,1,3,4,1,1,3,1,1,0,1,0,0,0,1,1,0,5,5,3,2,5,0,10,2,9,6.46
1,1,15,1,0,3,4,2,2,3,1,2,0,1,0,0,1,1,1,1,3,2,1,1,1,2,0,0,11,6.1
1,1,19,1,1,0,1,0,2,0,1,2,2,0,1,0,0,0,0,0,4,2,1,1,5,5,10,0,11,5.54
1,0,16,0,1,4,4,2,2,0,1,1,0,0,0,0,1,1,1,0,5,5,2,5,4,4,8,8,15,9.86
1,0,16,1,1,2,3,2,2,0,2,3,0,0,1,0,0,1,1,1,2,3,2,2,1,3,1,4,13,8.43
1,1,15,0,1,3,4,1,2,0,2,3,0,0,1,0,0,1,1,1,2,2,2,2,5,1,2,0,12,9.34
1,1,18,1,1,2,1,1,2,1,1,2,3,0,1,0,1,0,1,1,4,5,1,3,5,4,10,10,8,8.13
1,1,17,1,0,2,1,2,2,0,3,1,0,0,1,0,0,1,1,0,2,2,1,2,5,3,10,8,11,6.94
1,1,15,1,1,1,1,0,2,0,3,1,0,0,1,0,1,1,1,1,3,3,1,2,4,1,9,6,13,6.39
1,1,17,1,0,2,2,2,2,0,1,1,0,0,1,0,0,1,1,1,4,4,1,3,5,0,3,2,12,6.63
1,1,16,1,1,3,4,1,2,0,1,1,0,0,0,0,0,1,1,0,2,1,1,4,5,5,10,12,14,8.57
1,0,16,1,1,2,1,0,2,0,4,1,0,0,0,0,0,1,0,0,2,1,1,1,2,3,2,4,11,6.79
1,1,16,1,1,2,2,2,2,3,1,1,1,0,0,0,0,1,0,0,3,4,1,1,5,4,10,12,11,5.89
1,0,15,0,1,3,4,0,2,0,4,2,0,0,1,0,0,1,0,1,3,3,1,1,5,1,1,2,11,5.94
1,1,15,1,1,4,4,1,0,0,1,3,0,0,1,0,1,1,1,1,3,3,1,1,5,4,10,4,15,5.2
1,0,17,0,1,3,4,0,2,0,3,2,0,0,0,0,0,1,0,0,4,5,2,4,5,1,10,2,10,6.39
1,1,16,0,1,1,1,0,2,0,4,2,0,0,1,0,0,1,0,0,1,3,1,1,3,5,1,0,13,7.55
1,0,18,1,0,3,1,1,1,0,2,1,0,0,0,0,1,1,1,1,3,4,4,5,4,4,10,2,12,5.14
1,1,18,1,1,3,2,2,1,0,1,3,0,0,1,0,1,1,1,1,3,3,5,1,5,0,5,10,11,6.38
1,1,16,0,1,1,1,2,1,1,2,1,0,0,1,0,1,1,0,1,3,3,1,2,1,1,3,8,11,8.27
1,1,16,1,1,3,3,2,2,0,2,1,0,0,1,0,1,1,1,1,3,2,1,1,5,3,9,4,10,6.57
1,0,16,1,0,1,1,1,2,0,1,2,2,0,0,0,0,1,0,1,4,4,1,3,5,0,5,0,10,5.82
1,1,15,1,1,4,4,2,2,0,2,1,0,0,0,0,1,1,1,0,3,2,1,1,5,3,5,6,14,8.66
1,1,15,0,1,1,1,2,2,0,3,1,1,0,0,0,1,1,1,1,5,5,1,1,1,1,10,2,9,8.47
1,0,15,1,1,4,3,2,1,0,2,4,0,1,1,0,0,1,1,0,2,2,1,1,3,3,3,6,11,5.6
1,1,15,1,1,3,3,1,1,3,1,2,0,0,0,0,0,1,0,1,3,2,2,3,1,3,9,24,9,9.86
1,0,16,1,1,4,4,1,1,0,1,3,0,0,1,0,1,1,1,0,3,3,1,3,5,3,10,0,13,6.3
1,0,16,1,0,2,2,1,1,1,2,1,0,0,1,0,1,1,1,0,3,3,2,2,2,3,1,4,11,6.02
1,1,15,1,1,4,4,2,1,0,1,3,0,0,1,0,1,1,1,0,2,2,1,1,5,2,5,2,13,6.51
1,1,16,1,0,1,1,0,0,0,1,1,0,0,0,0,0,1,1,0,4,4,3,3,1,1,7,4,11,9.28
1,0,17,1,1,2,1,2,2,3,1,1,0,0,1,0,0,1,1,0,4,5,1,2,5,4,5,22,6,7.32
1,1,15,1,1,1,1,2,1,0,1,2,0,0,1,0,0,1,1,0,4,2,1,2,5,1,4,0,12,9.6
1,1,15,1,0,2,1,0,2,3,2,1,0,0,1,0,1,0,1,1,4,2,1,1,5,0,8,0,10,6.44
1,1,15,1,1,3,2,1,1,3,1,2,1,0,1,0,0,1,1,0,3,2,1,1,3,0,10,2,11,9.76
1,1,15,1,1,1,2,0,2,0,1,2,0,0,1,0,0,1,1,0,3,2,1,1,5,0,2,6,13,9.25
1,1,15,1,1,1,2,0,1,0,1,2,0,0,0,0,0,1,0,1,3,4,2,4,1,4,3,6,11,7.14
1,0,16,1,1,4,4,2,2,0,1,1,0,0,1,0,0,0,1,1,3,2,2,1,5,3,10,16,8,9.69
1,0,15,1,0,2,1,1,2,0,4,1,0,0,0,0,0,1,1,0,5,5,2,5,5,5,5,0,11,6.22
1,0,18,1,0,1,1,2,2,0,1,1,2,0,0,0,0,0,1,1,3,5,2,5,4,3,8,0,0,6.46
1,0,16,1,0,2,1,0,2,0,1,1,1,0,0,0,1,1,0,1,4,4,3,5,5,4,3,6,10,6.93
1,1,15,0,1,3,3,1,1,1,2,3,0,0,1,1,1,1,1,1,2,1,2,3,3,3,10,2,13,7.58
1,0,19,1,1,3,2,1,0,3,1,1,0,0,1,0,0,0,1,1,5,4,1,1,4,2,3,6,11,7.18
1,1,17,1,1,4,4,2,2,0,1,1,0,1,1,0,0,1,0,1,2,1,1,1,4,3,9,0,13,8.06
1,0,15,0,1,2,3,0,1,0,1,2,0,1,0,1,1,1,0,0,4,4,1,1,1,2,4,0,8,8.85
1,0,17,0,0,1,2,2,2,1,1,1,3,0,0,0,0,1,0,0,2,2,3,3,5,0,6,14,10,5.37
1,1,18,0,1,1,1,0,2,0,3,1,3,0,1,0,1,1,0,0,2,5,1,5,4,4,4,6,11,8.29
1,0,16,0,1,2,2,0,2,0,3,1,0,0,0,0,0,1,0,0,2,2,1,2,3,3,4,4,11,6.23
1,0,16,1,1,3,3,2,1,0,1,2,1,0,1,0,0,1,1,1,5,5,4,4,5,1,0,0,1,7.28
1,0,16,1,0,1,2,1,1,0,2,1,2,0,0,0,0,1,1,0,4,5,3,5,5,2,7,0,10,7.76
1,0,17,0,0,2,1,0,2,0,2,1,1,0,0,1,1,0,1,1,3,2,2,2,5,3,2,8,9,7.35
1,0,17,0,1,3,2,2,2,0,2,2,2,1,1,0,0,1,1,1,4,4,1,4,3,5,7,4,8,7.22
1,0,15,1,0,1,2,2,2,0,2,1,0,0,0,0,1,1,0,0,4,4,2,4,5,3,10,2,10,6.63
1,0,16,1,1,1,3,0,1,0,1,1,1,0,0,0,0,0,1,0,3,3,1,4,2,4,3,2,8,6.73
1,0,17,0,0,1,1,2,1,0,4,2,0,0,0,0,1,0,0,1,3,5,1,5,5,4,5,0,8,7.91
1,0,17,1,1,3,2,1,1,0,2,1,3,0,1,0,1,0,0,0,5,2,1,1,2,5,4,10,8,5.28
1,0,16,1,1,2,2,2,2,0,1,2,0,0,0,0,0,0,1,0,3,5,2,4,4,1,8,0,11,5.43
1,1,16,1,1,4,2,1,1,3,1,2,0,0,0,0,0,1,1,1,2,3,1,1,3,2,0,0,18,6.04
1,1,16,1,1,2,2,2,2,3,1,2,0,0,1,0,0,1,1,0,1,5,1,1,4,4,0,0,13,7.45
1,1,16,1,1,4,4,1,1,1,1,2,0,0,1,0,0,1,1,1,4,2,1,1,3,2,7,0,17,9.65
1,0,16,1,1,3,4,2,2,0,3,1,1,0,1,0,1,1,1,0,4,5,2,4,2,1,3,4,10,6.44
1,0,16,1,1,1,0,2,2,1,2,2,0,0,1,0,1,1,1,1,3,2,1,1,3,4,7,0,18,8.23
1,0,17,1,0,4,4,2,2,1,1,2,0,0,1,0,1,1,1,0,4,4,1,3,5,4,3,0,10,9.58
1,1,16,1,1,1,3,0,1,3,1,2,0,0,0,0,1,1,1,1,3,5,1,1,3,5,10,0,13,5.17
1,1,16,1,0,3,3,2,2,1,2,2,0,0,1,0,1,1,1,0,4,5,1,1,4,1,2,0,15,6.79
1,0,17,1,0,4,3,2,2,0,2,2,0,0,0,0,1,1,1,0,4,4,4,4,4,4,2,0,11,9.34
1,1,16,1,1,2,2,1,2,1,2,2,0,0,0,0,1,1,1,0,4,4,1,4,5,2,8,0,14,9.88
1,0,17,1,1,3,3,2,2,1,1,2,0,0,0,0,1,1,1,0,3,4,1,4,4,5,2,4,10,6.28
1,0,16,0,1,4,2,2,1,2,1,1,0,0,1,0,1,1,1,1,3,3,3,4,3,1,0,8,11,5.93
1,0,17,1,1,4,3,2,2,0,1,2,0,0,1,1,1,1,1,1,2,3,1,1,2,3,2,4,13,6.59
1,0,16,1,1,4,3,2,2,3,1,2,0,0,1,1,1,1,1,0,4,3,2,3,3,5,4,4,11,9.09
1,0,16,1,1,3,3,1,2,3,1,2,0,0,0,0,1,1,1,1,2,3,1,2,3,5,1,0,13,9.66
1,1,17,1,1,2,4,1,1,1,1,2,0,0,1,0,1,1,0,0,4,2,2,3,5,4,5,0,17,6.11
1,1,17,1,0,3,3,2,2,1,1,2,0,0,1,0,1,1,1,1,3,3,2,3,1,2,3,32,14,7.99
1,1,16,1,1,3,2,2,2,1,1,2,0,0,1,0,0,1,1,0,2,2,1,2,1,1,2,8,16,6.41
1,0,17,1,1,3,3,1,1,2,1,2,0,0,1,0,1,1,1,1,3,4,2,3,4,0,5,6,14,9.19
1,0,16,1,1,1,2,1,1,2,1,1,0,0,1,0,1,1,1,1,3,3,1,2,3,2,2,0,11,8.97
1,0,16,1,0,2,1,2,2,0,1,2,0,0,0,0,1,1,1,1,2,3,1,2,5,1,3,0,16,5
1,1,17,1,1,3,3,1,2,1,1,2,0,0,1,0,0,1,1,1,3,3,1,3,3,5,4,10,14,7.62
1,0,17,0,1,1,2,0,2,3,1,2,0,0,0,0,0,1,0,0,1,3,1,5,3,0,10,6,10,9.17
1,1,16,1,1,2,3,1,1,0,1,2,0,0,0,0,0,1,1,0,3,3,1,1,2,0,1,6,13,7.09
1,1,17,1,1,1,1,0,1,0,1,2,0,0,0,0,1,1,1,0,3,3,1,1,3,4,4,0,12,6.81
1,0,17,1,1,1,2,0,1,2,2,2,0,0,0,0,1,1,1,0,4,4,4,5,5,1,10,16,12,8.56
1,0,16,0,1,3,3,1,1,1,1,1,0,0,1,0,1,1,1,0,3,2,3,4,5,1,1,0,10,6.78
1,0,16,1,1,2,3,2,2,3,2,1,0,0,0,0,0,1,1,0,3,3,1,1,3,4,0,0,12,6.4
1,1,17,1,0,2,4,1,1,0,1,2,0,0,0,0,1,1,1,1,3,2,1,1,5,1,8,8,16,6.47
1,0,17,1,1,4,4,1,2,3,1,1,0,0,0,0,0,1,1,0,2,3,1,2,5,4,3,4,14,5.29
1,0,16,0,0,3,3,2,2,3,3,1,0,0,1,0,1,1,1,0,3,4,3,5,3,0,5,16,12,8.86
1,1,17,1,1,4,4,1,2,3,2,1,1,0,1,0,0,1,1,0,2,4,2,3,2,3,1,30,16,6.26
1,1,16,1,0,4,4,2,2,1,1,2,0,0,1,0,0,1,1,0,5,2,1,2,3,1,9,0,11,7.02
1,1,16,1,1,4,3,1,2,3,1,2,0,0,1,0,1,1,1,0,3,5,1,5,2,1,10,2,15,5.59
1,1,16,1,1,2,3,2,2,1,1,2,0,1,1,0,1,1,0,0,4,3,1,3,4,5,2,4,12,8.62
1,1,17,1,1,1,1,2,2,0,1,2,0,0,1,0,0,1,0,0,4,4,1,3,1,5,6,0,15,7.88
1,1,17,0,1,2,2,2,2,1,1,1,0,0,1,0,0,1,1,0,3,2,1,2,3,3,6,21,13,5.51
1,1,16,0,1,2,2,1,1,1,2,4,0,0,1,0,1,1,1,0,3,5,1,1,5,2,10,6,13,7.26
1,1,17,1,1,3,4,0,1,3,1,3,1,0,1,1,0,1,1,1,4,3,3,4,5,4,6,14,8,9.3
1,1,16,1,1,3,1,1,2,0,1,2,0,0,1,0,0,1,1,0,3,3,2,2,4,3,7,2,12,9.04
1,1,16,1,1,4,3,2,2,2,1,2,0,0,0,0,1,1,1,1,3,2,1,1,1,0,0,4,15,6.91
1,1,16,1,1,1,1,0,2,3,2,1,0,0,1,0,0,1,0,0,3,2,1,4,5,1,3,2,13,6.76
1,1,17,0,1,4,3,2,2,1,2,3,0,0,1,0,1,1,1,1,4,2,1,1,4,0,1,0,12,7.15
1,1,19,1,1,3,3,2,2,1,1,4,0,0,1,0,1,1,1,0,3,3,1,2,3,2,5,4,12,6.15
1,0,17,1,0,4,4,1,2,3,1,2,0,0,1,0,0,1,1,1,3,5,4,5,3,5,4,15,12,7.38
1,1,16,1,1,2,2,2,2,1,1,2,0,1,1,0,0,1,1,0,3,4,1,1,4,4,4,0,13,6.26
1,0,18,1,1,2,2,1,2,3,1,2,0,0,1,0,1,1,1,0,4,4,2,4,5,4,10,10,11,8.66
1,1,17,0,0,4,4,1,2,2,1,1,0,0,1,0,0,1,0,0,2,1,1,2,3,1,9,6,11,5.46
1,1,17,1,0,3,2,2,2,1,2,2,0,0,0,0,0,1,1,0,4,4,1,3,1,1,5,2,15,5.32
1,1,17,1,1,4,3,2,2,1,1,2,0,0,0,0,0,1,1,1,4,5,2,4,1,5,4,16,10,8.55
1,0,18,1,0,3,3,1,1,3,1,2,0,0,1,0,0,1,1,0,2,4,2,4,4,3,5,10,10,6.64
1,1,17,1,1,2,3,0,2,3,2,1,0,0,1,0,0,1,0,0,3,3,1,4,3,0,2,4,13,8.86
1,1,17,1,1,2,2,0,0,0,1,3,0,0,1,0,1,1,1,0,3,3,1,1,4,2,4,0,13,8.97
1,1,17,0,1,2,1,0,1,1,2,2,0,0,1,0,1,1,1,0,2,5,1,2,5,1,2,0,11,6.36
1,1,17,1,1,1,1,0,2,1,1,3,0,0,1,0,1,1,0,1,3,4,1,1,5,5,8,12,12,5.66
1,1,16,1,1,2,3,1,2,2,1,2,0,1,0,0,0,1,1,0,3,1,1,1,3,3,6,0,14,8.62
1,0,18,1,1,2,2,2,2,3,2,2,3,0,1,1,0,1,1,0,3,3,5,5,4,5,7,9,10,9.27
1,1,16,1,1,4,4,2,1,3,1,3,0,0,1,0,1,1,1,0,3,2,1,1,5,3,8,4,16,5.29
1,1,18,0,1,3,1,2,2,1,1,2,0,0,0,0,1,1,1,1,3,3,1,1,4,2,0,4,8,8.01
1,1,17,1,1,3,2,2,2,0,1,2,0,0,0,0,1,1,1,0,3,4,1,3,3,0,7,2,17,5.74
1,0,17,1,0,2,3,1,1,1,1,2,0,0,1,0,0,1,1,0,3,3,1,3,3,5,7,0,11,9.66
1,0,18,1,0,2,1,0,2,0,4,2,0,1,1,0,1,1,1,1,3,2,4,5,3,4,9,2,11,7.69
1,1,17,1,1,2,1,2,2,0,2,3,0,0,0,0,1,1,1,1,2,3,1,2,3,2,10,0,16,8.51
1,1,17,1,0,4,3,1,2,1,1,2,0,0,0,0,1,1,1,1,2,3,1,2,3,3,10,0,12,6.52
1,0,17,0,1,2,2,2,2,0,2,2,0,0,1,0,1,1,1,0,5,2,1,1,1,4,4,0,13,9.53
1,0,17,1,1,4,4,2,2,1,1,2,0,1,1,0,1,1,1,1,5,5,1,3,2,4,1,0,13,6.62
1,0,16,1,1,4,4,1,2,1,1,2,0,0,1,0,1,1,1,0,2,4,2,4,1,5,3,0,14,5.2
1,0,16,1,0,1,1,2,2,3,2,2,0,0,1,0,0,1,1,0,4,2,1,1,5,3,2,2,9,6.55
1,0,16,1,1,3,2,0,2,1,2,3,0,0,0,0,1,1,1,1,3,3,1,3,2,5,2,0,12,6.16
1,0,17,1,0,2,2,2,2,3,1,2,0,0,0,0,1,1,1,1,4,2,5,5,4,1,3,0,16,6.75
1,1,16,1,1,2,1,2,2,3,1,1,0,0,0,0,0,1,1,1,5,2,1,1,5,4,6,4,10,5.48
1,1,16,1,1,4,1,2,2,3,1,2,0,0,0,0,1,1,1,1,3,3,1,2,5,3,8,0,13,7.44
1,1,18,1,0,2,4,1,2,0,2,2,1,0,1,0,0,1,1,0,3,3,1,1,3,2,5,18,10,6.07
1,1,18,1,0,2,2,0,1,0,1,2,1,0,1,0,0,1,1,1,3,1,1,1,5,3,10,16,10,6.81
1,1,18,1,1,3,3,2,2,0,2,1,1,0,0,0,0,0,1,0,1,1,1,1,3,4,1,14,7,8.66
1,0,18,1,1,2,2,2,0,0,1,1,1,0,1,0,1,0,1,1,4,3,2,2,1,0,8,26,8,7.24
1,0,17,1,1,4,4,2,2,0,1,1,0,0,1,0,1,1,1,0,2,1,1,2,5,1,7,6,9,9.1
1,1,17,1,1,3,2,2,2,0,1,2,0,0,0,0,1,1,0,0,4,2,1,1,3,3,5,4,15,6.13
1,1,17,1,0,1,1,0,0,0,1,3,0,0,1,0,1,1,1,1,3,2,1,2,4,5,5,10,10,6.46
1,1,16,1,1,1,2,2,2,0,1,1,0,0,0,0,0,0,1,0,3,5,1,2,5,5,7,4,11,8.67
1,1,17,0,1,2,1,0,1,0,3,2,0,0,0,0,1,1,0,0,1,1,1,1,3,1,7,2,13,5.54
1,1,17,0,0,1,4,2,2,0,4,1,1,0,1,0,0,1,1,0,5,4,1,1,5,5,8,14,8,5.81
1,0,18,1,1,2,2,2,1,1,1,2,0,0,0,0,0,0,1,0,5,4,3,5,2,3,10,16,8,5.12
1,1,17,1,0,2,2,2,2,3,1,1,1,0,1,0,0,0,1,0,1,2,1,1,1,2,4,8,10,6.25
1,1,17,0,0,1,1,0,2,0,2,3,0,0,0,0,1,1,1,0,3,3,1,3,5,1,8,4,15,8.96
1,1,17,1,0,4,2,2,2,0,1,2,0,0,1,0,1,1,0,0,3,2,1,1,4,4,8,4,14,5.82
1,0,17,1,0,4,3,1,2,0,2,2,0,0,0,0,1,1,1,1,5,5,1,4,5,4,1,8,15,5.38
1,0,17,0,0,4,4,2,2,0,2,2,0,0,1,0,0,1,1,0,3,3,2,3,4,0,10,0,12,7.97
1,0,16,1,0,4,3,2,2,0,1,1,0,0,0,0,1,1,1,0,4,5,1,1,3,5,0,7,15,7.72
1,0,16,1,1,4,4,1,1,0,1,1,0,0,0,1,1,1,1,0,3,2,1,2,5,3,3,4,15,9.08
1,1,17,1,1,4,4,2,1,0,1,2,0,0,1,1,0,1,1,1,3,1,1,4,5,5,3,2,12,9.22
1,0,17,0,1,1,1,2,2,3,2,3,0,0,0,0,0,1,1,1,3,3,1,1,1,5,2,2,15,7.74
1,1,17,1,1,3,3,1,2,3,2,3,0,0,1,0,0,1,1,1,2,2,2,3,5,0,1,10,11,6.42
1,1,17,1,1,1,1,0,2,0,1,2,0,1,0,0,0,1,0,1,3,2,1,1,4,3,0,10,10,5.2
1,1,18,1,1,2,1,2,2,0,2,3,0,0,1,0,0,1,1,1,4,4,1,1,3,5,3,10,11,9.7
1,0,16,1,1,2,1,2,2,0,3,1,0,0,0,0,0,1,1,0,3,3,1,1,4,2,7,7,16,9.89
1,1,17,1,1,1,1,2,1,0,1,2,0,0,1,0,0,1,0,0,3,4,1,2,5,3,0,4,11,6.59
1,0,17,1,1,2,3,2,2,0,2,1,0,0,0,0,0,1,1,0,2,2,1,1,2,2,9,2,13,6.54
1,0,22,1,1,3,1,1,1,2,1,1,3,0,0,0,0,0,1,1,4,5,5,5,1,4,0,12,5,9.99
1,0,18,0,0,3,3,2,1,0,1,2,0,0,1,0,0,1,1,1,3,3,1,3,5,0,5,8,10,8.16
1,0,16,1,1,0,2,2,2,2,1,1,0,0,0,0,0,1,1,0,3,2,2,4,5,5,2,0,11,5.24
1,0,18,1,1,3,2,1,2,0,2,1,0,0,0,0,0,0,1,0,4,5,2,4,5,2,7,8,7,8.55
1,0,16,1,1,3,3,0,2,1,3,2,1,1,1,0,0,1,1,0,3,3,1,3,2,0,4,4,10,7.96
1,0,18,1,1,2,1,1,1,2,1,1,2,0,0,0,0,0,1,0,2,5,2,5,5,5,9,4,6,9.58
1,0,16,0,1,2,1,2,2,0,2,1,0,0,0,0,1,1,0,0,3,2,1,3,3,1,9,2,12,6.81
1,0,17,0,1,2,1,2,2,0,1,1,0,0,0,0,0,1,1,0,4,2,2,4,5,4,6,0,13,9.19
1,0,17,1,0,1,1,1,2,0,2,1,1,0,1,0,1,1,1,0,4,4,1,2,5,1,5,0,10,6.82
1,1,18,1,0,2,1,2,2,0,1,2,0,0,1,0,0,1,1,1,3,4,1,3,5,1,10,2,13,6.14
1,1,17,1,0,4,2,2,1,1,1,4,0,0,1,0,1,1,1,0,2,3,1,1,4,3,0,2,17,5.11
1,1,19,1,1,2,2,1,1,3,1,2,0,0,1,0,0,1,1,0,3,3,1,1,5,3,8,0,11,8.67
1,0,18,1,0,2,1,1,2,0,3,2,1,0,0,0,1,0,1,0,4,5,4,4,5,3,0,4,11,9.56
1,1,17,0,1,4,2,2,2,0,1,3,0,0,1,0,1,1,1,0,3,4,1,3,5,1,1,2,14,8.11
1,1,18,1,0,1,1,2,0,3,1,3,0,0,1,0,0,1,0,0,4,3,2,3,3,5,1,4,14,9.43
1,1,18,0,1,2,2,2,2,3,1,2,0,1,0,0,0,1,0,0,2,3,1,1,5,2,1,4,13,7.8
1,0,19,1,0,4,3,1,0,1,1,2,0,0,1,0,0,1,1,0,3,1,1,1,1,0,0,4,14,9.02
1,0,18,1,1,2,1,2,2,3,1,2,0,0,0,0,1,1,1,0,2,4,1,2,4,4,10,2,16,5.04
1,0,17,0,1,2,2,2,1,2,2,1,0,0,0,0,0,0,0,0,2,2,1,1,4,4,4,0,10,5.2
1,1,17,1,0,2,2,1,1,0,1,4,0,0,0,0,1,1,1,1,4,1,1,1,2,4,3,2,12,8.37
1,1,20,0,1,2,1,2,2,0,2,2,0,0,1,1,1,0,1,1,2,3,1,2,2,5,10,8,12,5.43
1,1,18,1,1,4,3,1,2,3,1,2,0,0,1,0,0,1,1,1,1,2,1,3,2,1,0,2,15,6.36
1,0,18,1,1,4,3,2,2,0,1,2,0,0,1,0,0,1,1,0,3,2,1,1,3,5,2,2,11,7.61
1,0,18,0,1,3,2,2,2,0,1,3,0,0,0,0,1,1,0,0,3,2,1,1,3,2,2,2,12,7.4
1,1,17,1,1,3,3,2,2,3,1,3,0,0,0,0,1,1,0,0,2,3,1,1,4,3,9,2,13,7.96
1,1,18,1,1,2,2,0,1,3,1,3,0,0,1,0,1,1,1,1,3,3,1,1,3,3,8,0,13,5.59
1,0,17,1,1,2,2,2,2,3,2,1,0,0,0,0,0,0,1,0,4,4,2,3,4,3,5,8,9,5.78
1,0,18,0,0,3,4,2,2,1,2,2,0,0,1,0,1,1,1,0,2,5,3,4,1,5,3,6,16,5.22
1,0,17,1,1,3,1,1,2,2,1,2,0,0,0,0,1,1,1,1,4,4,3,4,5,2,7,0,14,7.45
1,1,18,0,1,4,4,2,2,1,2,2,0,0,0,0,1,1,1,0,3,4,2,2,4,0,7,8,12,8.96
1,0,18,1,1,4,2,1,2,1,1,2,0,0,1,0,1,1,1,1,4,5,1,3,5,4,6,4,14,9.76
1,1,18,0,1,2,1,2,2,1,2,2,0,0,1,0,0,0,1,1,3,5,1,2,3,5,1,12,10,8.19
1,1,19,1,1,3,3,2,1,3,1,2,0,0,1,0,1,1,1,0,3,5,3,3,5,3,8,16,12,5.46
1,1,18,1,1,2,3,2,1,1,1,4,0,0,1,0,1,1,1,1,5,5,1,3,2,1,7,10,16,5.86
1,1,18,1,0,1,1,2,2,3,2,2,0,0,1,0,0,1,0,0,4,3,1,1,3,5,10,2,13,9.05
1,0,17,0,1,1,2,0,0,3,1,2,0,0,1,0,1,1,0,1,5,2,2,2,1,1,6,2,18,7.42
1,1,18,1,1,2,1,2,2,3,1,2,0,0,1,0,0,1,1,1,2,5,1,2,1,0,0,8,15,7.98
1,1,17,1,1,2,4,0,1,1,2,2,0,0,1,0,0,1,1,1,3,3,1,1,1,5,3,6,16,9.01
1,1,17,1,0,2,2,1,2,0,2,2,0,1,1,0,0,1,1,1,4,4,2,3,5,5,9,6,12,9
1,1,18,0,1,3,2,2,1,3,2,2,0,0,0,0,0,0,1,1,1,1,1,1,5,1,9,15,10,5.78
1,0,18,1,1,4,4,2,1,3,2,1,0,0,0,0,1,1,1,0,2,4,1,4,3,5,2,6,12,8.96
1,1,18,1,1,4,4,1,1,1,1,2,1,1,1,0,1,1,1,1,4,4,1,1,4,4,8,2,13,8.96
1,1,17,1,1,2,2,2,1,1,3,3,0,0,1,0,0,1,1,1,2,3,1,1,1,2,9,8,15,8.51
1,1,19,0,1,3,2,1,1,1,1,2,1,1,1,0,0,0,1,0,3,3,4,3,3,3,2,0,10,5.94
1,0,18,1,0,4,3,2,1,0,2,1,0,0,0,0,1,1,1,0,2,3,1,2,1,2,0,0,10,5.56
1,0,18,1,1,1,2,0,2,3,2,1,0,0,0,0,0,0,1,0,4,4,2,4,4,5,7,10,11,6.42
1,0,17,1,0,4,1,1,2,3,2,1,0,0,0,0,1,1,1,1,5,4,2,4,5,4,1,22,10,8.33
1,0,17,1,0,3,2,2,1,3,1,1,0,0,0,0,0,1,1,0,4,4,3,4,3,2,7,18,13,8.06
1,1,18,0,0,1,1,0,2,1,2,4,0,0,1,0,1,1,0,0,2,2,1,1,3,1,6,2,18,5.72
1,1,18,1,1,1,1,2,2,3,2,2,0,1,0,0,1,1,1,0,4,4,1,1,4,5,1,0,13,6.55
1,1,17,1,1,2,2,2,2,0,1,2,0,0,1,0,0,1,1,0,4,5,1,2,5,2,8,12,14,7.16
1,1,18,1,1,2,1,2,2,1,2,2,0,0,0,0,1,1,1,1,3,1,1,1,5,1,10,10,14,5.71
1,0,17,1,1,1,1,2,2,1,1,2,0,0,0,0,0,1,1,0,3,3,1,2,4,4,5,0,12,8.7
1,1,18,1,1,2,2,0,0,2,1,3,0,0,1,0,0,1,1,0,3,3,1,2,2,2,0,0,18,6.14
1,1,17,1,1,1,1,1,2,1,1,3,0,0,1,0,0,1,1,0,3,3,1,1,3,4,1,0,14,6.05
1,0,18,1,1,2,1,1,1,1,1,3,0,0,0,0,1,1,1,0,2,4,1,3,2,3,1,0,15,5.7
1,0,18,1,0,4,4,2,2,1,1,2,0,0,1,0,1,1,1,0,4,3,1,1,2,4,7,0,17,9.46
1,0,18,1,1,4,2,2,2,3,1,2,0,0,1,0,1,1,1,1,3,2,1,4,5,0,0,2,16,5.71
1,1,17,1,1,4,3,1,1,1,1,3,0,0,1,0,0,1,1,0,2,2,1,2,3,2,10,0,18,6.93
1,1,17,0,0,3,1,1,2,1,2,4,0,0,1,0,0,1,0,0,1,2,1,1,3,1,6,0,19,6.14
1,0,18,0,0,3,2,1,2,1,2,3,0,0,1,0,1,1,1,0,4,2,1,1,4,0,4,0,15,6.34
1,0,17,1,1,3,3,1,2,3,1,1,0,0,1,0,0,1,1,0,4,3,1,3,5,2,7,0,15,8.34
1,1,19,1,1,4,4,1,2,1,2,2,0,0,1,0,1,1,1,0,3,4,2,3,2,4,9,2,13,5.64
1,1,18,1,0,4,3,2,2,3,2,2,0,0,1,0,0,1,1,1,4,5,1,2,2,4,3,0,14,5.85
1,1,18,1,1,4,3,2,2,1,1,4,0,0,1,0,0,1,1,0,3,3,1,1,3,3,0,0,17,8.67
1,0,18,1,0,4,4,2,2,3,1,1,0,0,1,0,0,1,1,1,4,2,2,2,1,0,10,0,17,8.45
1,1,18,1,0,4,4,1,2,3,1,2,0,0,1,1,0,1,1,1,2,4,1,1,4,0,3,0,15,5.07
1,0,17,1,0,4,4,2,2,3,2,1,0,0,0,0,0,1,1,0,1,1,2,2,5,0,7,0,13,8.5
1,1,17,0,1,4,4,1,1,1,2,3,0,0,1,0,1,1,1,0,3,4,1,1,5,1,5,0,8,8.34
1,1,17,1,1,4,2,2,2,1,2,3,0,0,1,0,0,1,1,0,3,3,1,1,3,4,5,0,16,7.29
1,1,17,1,1,3,2,1,1,1,1,4,0,0,1,0,1,1,1,0,2,2,1,2,5,3,9,0,18,6.79
1,0,19,0,0,2,1,0,1,0,2,3,1,0,0,0,1,1,1,1,3,1,1,1,5,5,5,0,11,6.28
1,0,20,1,1,3,2,1,2,0,1,1,2,0,0,0,1,1,0,0,5,3,1,1,5,2,3,0,15,5.47
1,0,19,0,1,3,3,2,1,1,1,2,0,0,0,0,1,1,0,1,5,3,1,2,5,5,5,0,11,9.89
1,1,18,1,1,1,4,2,2,3,1,2,0,1,1,0,0,1,0,1,4,4,1,2,5,0,6,2,11,6.18
1,1,18,1,1,2,1,1,2,0,2,2,0,0,1,0,1,1,1,0,3,3,1,2,1,1,2,2,15,6.27
1,1,17,1,1,2,3,2,2,0,2,2,0,0,0,0,1,1,1,1,2,1,1,1,3,2,5,2,14,9.39
1,1,17,0,1,4,4,2,2,0,1,1,0,0,0,0,1,1,1,0,4,4,1,1,5,2,5,2,17,6.55
1,1,18,1,1,4,3,2,2,0,1,3,0,0,1,0,1,1,1,1,3,4,1,1,5,0,5,2,17,8.58
1,1,18,1,0,4,3,1,1,0,2,1,0,0,1,0,0,1,1,0,2,4,1,4,1,3,10,8,15,8.8
1,1,17,0,1,3,4,0,1,0,1,3,0,0,1,0,1,1,1,0,3,4,2,5,5,2,4,2,17,5.6
1,1,18,1,1,3,3,0,2,0,1,2,0,0,1,0,0,1,1,0,1,4,1,1,3,1,0,8,14,8.75
1,0,19,1,1,4,2,1,2,0,2,2,0,0,1,0,1,1,1,1,4,4,1,1,1,1,5,9,10,5.8
1,1,18,1,1,4,4,2,2,0,1,2,0,0,1,0,0,1,1,0,4,4,3,3,5,5,2,0,13,8.32
1,1,18,1,1,3,4,2,2,0,1,1,0,0,1,0,1,1,1,1,4,4,1,1,1,3,9,4,14,8.96
1,1,17,1,1,4,4,1,1,0,1,1,0,0,0,0,1,1,1,0,3,4,1,2,5,1,3,2,17,9.02
1,1,17,1,1,4,3,1,1,0,1,2,0,0,1,0,0,1,1,1,2,2,1,2,5,3,10,14,17,9.87
1,1,17,1,0,3,3,1,2,3,1,2,0,1,1,0,0,1,1,0,3,3,1,1,5,1,10,0,13,6.31
1,1,17,1,0,2,1,2,2,3,1,2,0,0,0,0,1,1,1,0,2,3,2,2,2,0,9,2,14,8.6
1,0,18,1,0,4,4,2,2,1,1,1,0,0,1,0,0,1,1,0,2,5,3,4,5,1,3,2,11,6.24
1,1,19,1,1,1,1,2,2,0,3,3,0,0,0,0,1,0,0,1,5,5,4,3,5,3,7,12,11,5.22
1,1,19,1,0,1,1,2,2,0,3,2,2,0,1,0,0,1,1,1,3,4,1,1,4,4,4,2,9,6.94
1,1,18,1,1,2,2,2,2,0,1,1,0,0,1,0,1,1,1,1,3,5,2,4,5,4,0,2,10,7.78
1,1,17,1,1,2,2,2,2,0,1,2,0,0,1,0,0,1,0,1,2,2,1,1,3,1,10,4,13,9.34
1,1,17,0,0,2,2,1,1,0,1,3,0,0,1,0,1,1,1,0,3,2,2,2,3,2,3,0,10,5.03
1,1,17,1,1,3,1,1,1,0,1,3,0,0,1,0,0,1,1,0,4,3,2,3,5,2,3,0,17,9.46
1,1,17,1,0,0,2,0,0,3,2,3,0,0,0,0,0,1,1,0,3,3,2,3,2,4,0,0,15,6.45
1,1,18,1,1,1,1,2,2,3,2,3,0,0,0,0,1,1,1,0,5,5,1,2,2,5,5,0,14,9.75
1,0,18,1,1,4,4,2,2,0,1,3,0,0,0,0,1,1,1,0,3,3,2,2,3,0,6,0,13,8.47
1,0,17,1,1,3,3,2,1,1,1,1,0,0,0,0,1,1,1,0,3,5,3,5,5,2,1,0,17,9.02
1,0,17,0,1,2,2,1,2,0,4,1,0,0,1,0,0,1,1,0,4,5,5,5,4,4,4,2,10,5.93
1,1,17,1,1,4,4,2,1,0,1,3,0,0,1,0,1,1,1,0,4,4,1,3,4,5,9,0,13,5.78
1,1,17,1,1,4,4,2,2,0,2,3,0,0,1,0,0,1,1,1,3,3,1,2,4,2,2,4,15,6.3
1,1,17,1,1,3,3,0,2,0,1,1,0,0,1,1,1,1,1,0,2,5,2,5,5,0,7,2,11,5.6
1,0,18,1,0,2,2,2,2,0,1,4,0,0,1,1,1,1,1,0,5,5,2,4,5,1,2,0,12,5.27
1,0,19,0,1,3,2,0,1,3,1,1,0,0,1,0,0,1,0,1,3,4,2,2,5,2,5,0,10,6.06
1,1,18,1,1,2,2,0,2,0,4,2,0,0,0,0,1,1,0,1,2,5,1,1,2,2,10,2,10,9.22
1,1,17,0,1,2,4,0,2,0,1,3,0,0,1,0,0,1,1,1,4,3,1,1,5,3,1,0,15,6.28
1,0,18,1,1,2,2,2,2,1,1,1,0,0,0,0,0,1,1,0,4,2,1,2,5,3,1,6,15,5.94
1,1,18,1,1,3,3,1,1,3,1,2,0,0,0,0,1,1,1,0,3,4,1,1,4,3,10,8,12,5.67
1,1,18,1,0,2,2,2,2,3,1,2,0,0,0,0,1,1,1,1,3,3,1,1,2,5,6,0,12,8.81
1,1,18,0,1,2,2,0,2,0,2,4,0,0,0,0,1,1,0,0,4,4,1,1,4,5,6,6,14,5.53
1,1,17,1,1,3,4,1,2,0,1,3,0,0,0,0,0,1,1,0,4,5,1,3,5,1,0,8,14,5.24
1,1,17,1,1,3,2,2,2,3,1,2,0,0,1,0,0,1,1,1,3,2,2,3,2,4,9,0,15,8.6
1,1,18,1,0,3,3,1,1,3,1,4,0,0,1,0,0,1,1,0,3,3,1,1,1,3,0,4,15,8.63
1,1,17,0,1,3,2,2,2,3,1,2,0,0,1,0,0,1,1,0,3,3,2,3,2,0,6,0,16,8.28
1,0,18,1,1,4,4,2,1,3,1,2,0,0,1,0,1,1,1,0,3,3,2,2,2,1,0,0,13,7.54
1,0,18,1,0,3,4,1,2,3,1,2,0,0,0,0,1,1,1,1,3,3,1,3,5,0,0,6,17,7.18
1,1,17,1,1,2,2,0,0,3,1,2,0,0,1,0,0,1,1,1,3,1,1,2,4,4,3,18,14,9.42
1,1,18,1,1,2,3,0,2,0,1,3,0,0,1,0,0,1,1,0,3,3,1,2,3,2,6,0,14,7.99
1,1,18,1,1,3,2,2,1,2,1,3,0,0,0,0,0,1,1,1,4,3,2,3,1,5,3,4,17,5.85
1,0,18,0,1,4,3,2,1,0,1,3,0,0,0,0,0,1,1,1,3,2,1,2,4,5,2,4,17,8.67
1,0,18,1,1,4,3,2,2,0,1,3,0,0,1,0,0,1,1,1,4,5,2,3,5,4,10,0,14,6.18
1,1,17,1,1,4,3,1,2,1,1,3,0,0,1,0,1,1,1,1,4,3,1,3,4,1,5,0,13,6.22
1,1,17,1,1,2,1,1,2,0,2,2,0,0,1,0,1,1,1,1,3,4,2,2,1,3,5,10,15,5.02
1,1,17,1,1,2,1,1,2,1,1,2,0,0,1,0,1,1,1,0,3,5,2,4,4,1,7,4,16,9
1,1,19,1,0,2,3,0,2,3,2,1,1,0,0,0,0,0,1,0,2,3,3,4,5,1,6,16,11,9.55
1,1,17,1,1,3,1,2,0,3,1,1,1,0,1,1,0,1,1,1,1,2,1,1,3,3,6,6,13,9.45
1,1,21,1,0,4,4,2,2,1,1,3,2,0,0,1,1,1,1,0,3,2,1,1,5,1,9,0,12,5.68
1,0,18,1,0,2,2,1,1,1,1,2,0,0,1,0,1,0,1,0,4,4,1,3,3,5,8,11,12,7.32
1,0,18,1,0,3,4,2,2,1,1,2,0,0,0,0,1,1,1,1,3,5,1,4,2,4,10,9,15,8.88
1,1,17,1,1,2,2,1,1,1,1,2,0,0,1,0,1,1,1,0,3,4,1,3,4,5,3,0,17,8.7
1,0,17,1,0,4,4,1,2,1,1,3,0,0,1,0,0,1,1,0,4,2,1,2,4,2,7,2,15,5.46
1,1,18,1,0,4,2,2,2,0,1,2,0,0,1,0,1,1,1,0,2,2,1,1,3,4,7,0,17,5.5
1,0,21,0,0,1,1,0,2,0,2,2,2,0,1,0,1,0,1,1,3,3,5,2,4,5,10,21,10,5.99
1,1,20,0,1,1,1,2,2,1,2,3,0,0,0,0,0,1,1,1,2,2,1,3,3,3,6,8,15,7.5
1,1,19,1,1,4,4,2,2,3,1,1,1,0,1,0,0,1,1,1,2,5,4,4,5,5,5,5,11,5.9
1,0,17,1,0,3,2,2,2,1,1,2,0,0,1,0,0,1,1,0,4,4,1,2,5,3,2,10,18,9.15
1,1,18,1,1,3,2,0,2,1,1,3,0,0,1,0,0,1,1,1,3,4,1,2,2,4,10,5,17,8.14
1,0,18,0,1,2,3,2,1,1,1,1,0,0,0,0,0,1,1,0,1,3,4,5,4,3,2,13,14,8.66
1,0,19,1,1,2,1,2,2,1,1,1,0,0,0,0,0,1,1,0,3,4,1,4,4,2,9,10,11,5.06
1,1,18,1,0,2,2,1,2,1,2,2,0,0,1,0,0,1,1,0,1,4,1,3,4,0,1,10,17,9.96
1,1,20,1,1,1,0,2,2,1,2,1,1,1,0,0,0,1,1,1,3,1,1,1,5,1,2,5,10,7.99
1,1,18,1,1,3,2,1,2,3,1,2,0,0,1,0,1,1,1,1,1,2,1,2,1,3,10,4,13,7.8
0,1,16,1,1,1,3,0,2,2,2,1,0,0,1,0,0,0,1,1,3,3,1,3,5,2,1,11,11,7.42
0,1,16,0,1,2,2,2,2,0,2,2,0,0,1,0,1,1,1,0,4,4,1,1,5,5,6,0,12,6.01
0,1,15,0,1,1,1,0,1,2,1,1,1,0,1,0,0,1,0,1,1,3,1,1,2,5,2,6,10,8.76
0,1,15,0,1,3,3,0,2,0,2,1,0,0,1,0,0,1,1,0,4,4,2,3,5,1,5,4,11,8.85
0,1,16,0,1,2,3,0,1,0,2,2,0,0,0,0,0,1,0,0,5,2,1,2,5,1,3,0,17,7.34
0,1,15,0,0,2,1,0,2,3,2,1,0,0,0,0,0,0,0,0,3,4,1,1,1,0,0,0,9,6.24
0,0,16,0,0,4,4,0,2,3,1,2,0,0,1,0,0,1,0,0,3,2,1,3,2,4,10,5,11,6.23
0,0,16,1,1,1,2,2,2,2,1,3,0,1,0,0,0,1,1,0,4,3,1,1,5,0,5,0,11,5.66
0,1,17,0,1,3,2,0,2,0,1,2,1,0,0,0,0,1,0,1,5,4,1,2,5,3,4,0,10,8.98
0,1,17,0,1,1,1,2,2,2,1,1,1,0,1,0,0,0,1,0,4,4,2,2,5,4,4,0,7,9.59
0,1,15,0,1,4,4,2,2,0,2,1,0,0,0,0,0,1,1,1,5,1,3,5,5,1,6,0,14,6.86
0,1,16,1,0,2,2,0,2,1,2,4,0,0,0,0,1,0,0,1,2,1,1,1,1,1,6,4,11,9.86
0,1,15,0,0,1,1,0,1,1,2,2,0,0,1,0,0,1,1,0,4,3,1,2,4,5,4,0,10,9.1
0,1,15,0,0,1,1,2,1,0,2,1,1,0,1,0,0,1,1,1,4,3,1,2,2,3,3,4,8,6.29
0,1,16,0,1,0,2,2,2,2,2,1,0,0,1,0,1,1,0,0,2,3,1,2,2,3,7,0,12,8.39
0,1,17,0,1,2,3,2,2,0,2,1,0,0,1,0,0,1,1,0,5,5,1,3,3,3,1,2,12,9.91
0,1,15,0,1,3,3,2,1,0,2,1,0,0,0,0,0,1,1,0,1,3,1,1,4,4,9,0,16,9.58
0,0,16,1,1,1,1,0,1,3,2,2,0,0,1,0,1,1,0,1,4,5,4,5,3,0,6,0,0,8.79
0,0,17,1,1,1,1,2,2,3,1,2,0,0,0,1,0,1,1,0,4,3,2,4,5,4,0,4,9,6.75
0,0,15,0,0,4,1,1,1,1,1,2,0,0,1,0,1,1,1,0,3,4,1,2,2,0,9,0,14,9.27
0,0,15,0,0,4,1,1,1,1,1,2,0,0,1,0,1,1,1,0,3,4,1,2,2,5,6,7,8,6.14
0,0,16,0,1,3,4,2,1,2,3,2,0,0,0,0,0,1,0,0,4,5,1,2,5,3,1,4,11,8.38
0,0,15,0,1,1,1,2,2,0,4,2,0,0,1,0,1,1,0,1,4,5,2,4,4,3,1,8,9,5.95
0,0,15,1,0,3,3,0,0,1,1,2,0,0,1,0,1,1,1,0,3,3,1,1,5,2,9,0,11,9.6
0,0,17,0,1,2,1,2,2,2,3,1,0,0,0,0,1,0,0,1,5,5,5,5,3,3,9,8,9,6.83
0,1,16,0,1,4,4,2,2,0,2,3,0,0,0,0,1,1,1,1,2,2,1,1,4,4,1,6,17,7.11
0,1,15,0,1,1,2,2,1,0,2,1,0,0,0,0,0,1,0,0,1,2,1,1,1,5,4,3,13,6.84
0,1,16,0,1,2,3,2,1,0,3,2,0,0,1,0,0,1,1,0,5,4,1,2,1,5,10,2,15,6.47
0,0,16,0,1,1,2,2,2,0,2,2,0,0,0,0,0,1,0,0,3,3,1,1,5,5,6,0,11,6.06
0,1,16,0,1,2,2,2,2,0,3,2,0,0,1,0,0,1,1,0,4,5,1,1,4,3,6,4,11,8.57
0,1,16,1,1,1,2,2,1,0,1,3,1,0,1,0,0,1,0,0,3,2,1,2,4,5,1,0,8,8.22
0,1,16,1,1,1,2,2,1,0,1,3,1,0,1,0,0,1,0,0,3,2,1,2,4,3,8,3,8,8.99
0,1,15,1,1,2,1,0,2,3,1,2,0,1,1,0,0,1,1,0,4,2,3,3,2,4,1,0,9,5.2
0,1,16,1,1,1,1,0,2,0,1,2,0,0,1,0,0,1,0,1,4,3,2,1,2,4,4,0,15,5.35
0,0,17,0,0,1,2,0,1,1,1,1,0,0,1,0,1,1,1,0,5,5,5,5,3,5,3,4,11,8.24
0,1,16,0,1,1,1,2,2,3,4,4,0,0,1,0,0,1,1,0,3,2,1,1,1,3,9,0,13,7.43
0,1,16,0,1,1,1,0,2,2,4,3,0,1,1,0,0,1,0,0,4,3,1,1,5,1,7,2,10,7.14
0,1,15,0,1,1,1,0,2,3,2,2,0,0,1,0,1,1,1,0,3,3,1,1,2,5,5,1,11,6.18
0,1,16,0,1,1,1,0,2,2,2,1,0,0,0,0,1,1,1,1,2,2,4,3,2,1,8,0,14,8.23
0,1,15,0,1,1,1,0,0,0,3,2,0,0,1,0,0,1,0,0,2,1,1,2,2,1,3,0,14,5.66
0,1,15,0,0,2,2,2,2,2,1,3,0,1,1,0,0,1,0,0,4,3,2,2,5,0,4,2,12,6.61
0,0,16,0,1,1,1,0,2,2,2,1,0,0,0,0,1,1,0,0,4,4,3,4,5,3,8,6,11,7.51
0,1,18,1,1,1,2,2,2,0,1,2,1,0,1,0,1,1,1,1,4,4,2,3,5,4,1,9,8,8.58
0,0,15,1,1,3,1,2,1,3,2,1,0,0,1,0,0,1,0,0,2,3,1,3,4,0,6,0,11,5.44
0,1,16,0,1,2,2,2,1,0,3,2,0,0,1,0,1,1,1,0,3,4,1,1,2,4,8,1,14,6.21
0,0,15,1,1,2,2,1,2,1,3,1,0,0,0,0,0,1,0,0,3,3,1,2,4,2,2,1,13,7.36
0,0,16,1,1,4,4,2,2,0,1,2,0,0,1,0,1,1,0,1,3,1,1,1,3,0,1,0,13,7.83
0,1,15,0,1,3,3,1,2,1,1,2,0,0,1,0,0,1,1,1,5,4,1,1,1,5,6,4,12,6.6
0,1,16,0,1,2,2,0,2,0,2,2,1,0,1,0,1,1,0,0,4,4,2,3,5,0,2,2,12,7.65
0,1,16,0,0,2,2,2,2,3,3,1,0,0,1,0,1,1,0,1,3,2,1,1,4,2,4,0,16,7.62
0,0,16,1,0,2,1,0,1,0,2,1,0,0,1,0,1,1,1,0,4,3,2,3,4,3,0,4,10,7.48
0,0,15,0,0,1,3,0,2,1,3,1,0,0,1,0,1,1,1,0,2,4,3,5,3,0,9,2,11,7.6
0,1,15,1,1,2,2,2,1,0,2,3,0,0,1,0,1,1,0,0,3,2,1,1,4,3,1,0,14,8.98
0,1,16,0,0,2,1,2,2,3,1,1,0,0,1,0,0,1,1,1,4,3,1,1,5,0,0,2,8,8.83
0,0,15,1,1,3,3,1,1,0,2,1,0,0,1,0,1,1,1,0,3,3,2,4,3,0,6,11,11,8.66
0,1,16,0,1,1,1,0,2,0,2,2,3,1,1,0,0,1,0,0,4,3,1,1,1,3,0,0,8,7.17
0,1,17,1,1,2,2,2,0,0,1,1,0,0,1,0,1,0,0,0,5,3,1,1,5,5,10,4,10,5.21
0,1,19,1,1,2,3,0,1,0,1,1,1,0,0,0,0,0,1,1,4,4,1,1,2,0,4,0,10,7.74
0,1,17,0,1,2,1,0,2,0,3,1,0,0,1,0,1,0,0,1,5,3,1,1,3,3,3,2,11,7.11
0,1,15,0,0,1,1,0,2,0,2,1,0,0,1,0,0,0,0,1,2,1,1,3,4,1,6,0,9,7.2
0,1,16,0,1,2,2,2,2,0,3,2,0,0,1,0,0,0,1,0,4,5,1,2,1,3,8,1,11,7.15
0,1,16,1,0,2,2,2,2,3,1,1,0,0,1,0,0,0,0,0,3,4,1,2,1,1,9,6,8,9.24
0,1,17,0,1,2,2,0,2,0,2,2,0,0,1,0,0,1,1,0,3,5,1,2,4,2,7,0,11,8.5
0,1,16,1,1,2,2,2,1,0,1,1,1,0,1,1,1,1,1,0,4,3,1,4,3,0,0,1,10,8.76
0,1,18,0,0,3,2,2,2,0,2,3,2,0,1,0,0,0,0,1,3,2,1,1,2,5,3,6,10,7.43
0,1,19,1,1,1,1,0,1,0,1,3,1,0,0,0,1,0,0,1,3,1,1,1,3,3,5,6,9,7.65
0,0,18,0,1,1,1,2,2,3,2,1,1,0,0,0,1,0,1,0,4,3,3,4,4,1,8,0,10,7.06
0,1,18,0,1,1,1,0,0,0,2,1,1,0,0,0,0,0,1,1,2,3,1,1,2,3,5,4,10,8.86
0,1,19,1,1,1,1,2,2,0,2,2,1,0,1,0,0,1,1,1,1,4,4,1,1,1,8,12,9,6.49
0,1,16,0,1,2,2,1,2,0,1,2,0,0,0,0,0,1,0,1,3,2,1,1,3,2,5,2,10,9.97
0,1,17,1,1,0,1,2,0,0,2,1,0,0,0,0,1,1,0,0,4,4,3,5,5,4,0,5,10,8.45
0,1,16,0,0,1,2,0,2,0,1,2,0,0,0,0,1,0,1,0,4,5,1,3,3,4,6,0,9,10
0,1,16,1,1,3,3,2,2,1,1,1,0,0,0,0,1,0,1,1,5,4,1,1,4,4,9,0,13,6.46
0,1,16,0,0,1,1,1,1,3,1,1,0,0,1,0,1,1,1,1,4,4,2,2,4,5,7,2,14,5.98
0,0,17,1,1,3,3,1,0,0,2,4,1,0,1,1,1,1,0,0,4,5,3,4,5,1,4,0,10,7.18
0,1,16,1,1,2,1,2,1,0,1,2,0,0,1,0,1,1,1,0,3,3,1,1,1,0,9,0,14,9.63
0,1,16,1,1,2,2,1,2,0,1,1,0,0,1,1,1,1,0,1,2,5,1,2,5,1,10,0,16,7.64
0,0,17,1,1,1,2,2,2,0,1,1,1,0,1,0,1,0,1,1,3,5,5,5,1,4,2,12,7,9.48
0,0,16,1,0,4,3,2,2,0,1,1,0,0,0,0,1,1,1,0,2,5,1,5,5,3,10,8,13,5.66
0,0,17,0,0,2,2,1,1,2,3,4,1,0,1,0,0,1,0,0,3,5,3,5,3,4,9,2,9,6.23
0,1,16,1,1,1,1,2,2,0,1,4,0,1,1,0,1,1,1,0,2,1,1,1,5,3,4,0,14,9.59
0,1,19,1,0,2,2,2,2,3,1,3,0,0,0,0,0,1,1,1,4,5,1,1,1,3,5,0,13,7.05
0,1,17,0,1,1,1,0,2,1,2,1,0,0,1,0,1,1,1,1,4,5,1,2,5,3,6,0,11,8.55
0,1,20,1,1,3,3,0,1,2,2,2,1,0,0,0,1,1,1,1,3,4,2,4,3,3,6,8,10,9.2
0,1,17,1,0,1,1,2,1,0,1,3,0,0,1,0,0,1,0,1,3,3,1,1,3,4,4,0,10,5.58
0,0,17,0,1,2,2,2,2,0,3,1,1,0,1,0,0,1,1,0,4,5,1,2,5,2,6,0,9,6.33
0,1,16,0,0,1,1,0,2,0,3,2,0,0,1,0,0,1,0,0,3,2,1,1,1,2,4,0,18,8.42
0,1,17,0,1,2,2,2,2,1,2,2,0,0,1,0,1,1,0,0,3,2,1,1,1,2,8,0,17,5.34
0,1,17,1,1,1,0,2,2,2,2,2,0,0,0,0,0,1,1,1,4,5,1,1,4,5,10,1,10,8.81
0,1,18,0,1,1,1,0,2,2,1,2,1,0,1,0,0,1,1,1,3,2,1,1,5,2,2,9,7,6.83
0,1,16,1,1,3,1,2,2,0,1,1,0,0,0,0,1,1,1,0,1,3,1,3,1,2,5,0,8,6.01
0,1,16,1,1,3,2,1,0,0,1,1,0,0,0,0,0,1,1,0,1,3,1,4,3,1,7,2,7,9.07
0,1,18,1,0,1,1,2,0,1,2,2,0,1,0,0,0,1,0,0,3,5,1,4,3,3,1,8,10,5.98
0,1,16,0,1,4,4,1,2,1,1,2,0,0,0,0,1,1,1,1,3,3,2,3,2,3,7,0,16,7.4
0,1,16,0,0,1,2,2,2,1,2,1,0,0,0,0,1,1,1,0,4,5,1,4,2,3,2,0,15,8.43
0,1,18,1,1,2,4,2,1,1,1,2,1,0,1,0,0,1,1,0,3,2,1,3,1,0,7,8,8,9.37
0,0,16,0,1,2,1,2,1,1,2,2,0,0,0,0,1,1,1,0,2,1,1,1,2,2,3,0,0,6.77
0,1,16,1,0,1,1,0,2,2,3,2,0,0,1,0,0,1,1,0,3,2,1,3,5,3,6,6,8,6.96
0,1,16,0,1,2,3,0,1,2,2,2,0,0,1,0,1,1,1,0,3,3,1,1,2,2,2,0,10,5.48
0,1,16,1,1,4,4,1,1,0,1,2,0,0,1,0,0,1,1,1,3,4,1,2,3,4,7,4,8,8.38
0,0,18,1,0,4,4,0,1,3,1,4,0,0,1,0,1,0,1,1,5,5,5,5,5,4,6,2,6,5.97
0,1,16,0,0,3,4,0,2,2,3,2,0,0,1,0,0,1,0,0,2,1,1,1,2,2,6,2,8,7.14
0,0,17,1,0,4,4,2,1,3,1,3,0,0,1,0,0,1,1,0,4,3,1,2,5,1,2,0,16,8.05
0,1,17,0,1,4,1,2,2,2,1,1,0,0,0,0,0,1,1,1,2,3,1,2,5,3,4,1,14,5.66
0,0,16,1,0,2,2,1,1,2,4,3,0,0,0,0,0,1,0,0,1,3,2,2,3,3,2,0,10,6.68
0,1,17,0,1,2,2,0,2,2,1,1,0,0,1,1,0,1,1,0,1,3,1,2,5,4,3,5,9,5.2
0,1,16,1,0,4,4,1,1,2,2,1,0,0,1,0,0,1,0,0,1,3,1,2,5,5,4,1,11,6.55
0,0,17,1,1,3,3,1,1,3,1,1,0,0,1,0,1,1,1,0,1,4,5,5,3,4,1,8,9,5.84
0,0,17,1,1,1,1,0,1,2,3,2,0,0,0,0,0,1,1,1,1,3,3,3,1,5,7,0,10,7.9
0,0,16,1,1,2,1,1,1,2,2,2,0,0,0,0,0,1,1,1,2,2,1,4,5,0,10,2,8,7.64
0,1,16,1,0,2,1,2,1,2,1,2,0,0,0,0,0,1,1,1,2,2,1,1,3,4,0,0,16,9.11
0,0,16,1,0,4,4,2,1,2,1,1,0,0,1,0,0,1,1,0,1,2,2,5,5,0,6,0,12,6.03
0,0,15,0,1,1,2,2,1,0,3,2,0,0,1,0,1,1,0,0,5,5,1,3,5,3,6,11,10,8.14
0,0,15,1,0,2,2,2,2,1,3,4,0,0,1,0,1,1,0,0,4,5,2,3,5,3,5,8,14,9.67
0,0,15,1,0,2,1,1,1,0,1,1,0,0,0,0,1,1,1,0,3,3,1,2,5,3,9,11,12,5.33
0,1,16,0,0,2,2,2,2,0,1,3,0,0,1,0,0,1,0,1,3,3,2,2,5,3,10,2,11,8.51
0,1,16,1,0,4,1,2,2,3,2,2,0,0,1,0,1,1,1,0,2,4,2,2,1,5,4,8,10,7.35
0,1,17,1,1,3,2,0,2,3,2,1,0,0,0,0,0,1,0,1,3,3,2,2,1,4,6,5,11,8.9
0,1,17,0,1,2,2,2,2,2,2,2,0,1,0,1,0,1,0,0,1,3,1,1,5,3,9,0,11,6.76
0,1,16,1,1,4,4,2,1,0,2,3,0,0,1,0,0,1,1,1,3,5,1,4,5,4,0,1,12,5.22
0,0,17,0,1,4,4,1,2,0,3,1,3,0,0,0,1,1,1,1,3,3,1,3,5,4,2,2,8,9.16
0,0,17,0,0,1,3,2,2,0,2,1,0,0,0,0,1,1,0,1,1,2,3,3,5,3,10,2,12,5.98
0,0,17,1,1,3,4,1,2,2,1,2,1,0,1,0,1,1,1,1,4,4,3,4,5,4,10,8,8,5.31
0,1,17,1,1,4,4,1,1,0,1,2,0,0,1,0,0,1,1,0,2,5,1,1,5,0,10,0,16,8.92
0,0,16,0,0,4,1,2,0,2,1,1,0,0,0,0,0,1,1,0,1,2,2,1,2,1,4,0,11,5.7
0,1,17,1,1,1,1,0,0,2,1,2,0,0,0,0,1,1,1,1,5,5,1,2,3,1,3,2,11,6.22
0,1,17,0,1,4,2,2,2,0,2,2,0,1,1,0,0,1,1,0,3,3,2,3,5,4,8,0,18,5.93
0,0,16,1,0,2,2,2,1,0,2,2,0,0,1,0,0,1,1,1,1,2,2,2,5,4,2,0,13,5.1
0,0,17,1,1,3,2,2,2,2,2,2,0,0,1,1,0,1,1,0,1,2,2,2,1,2,0,0,13,9.59
0,0,19,1,1,1,1,2,2,2,1,2,2,0,1,0,1,0,1,0,4,3,3,4,4,4,5,2,10,9.74
0,0,17,1,0,1,0,2,2,3,1,1,0,0,0,0,0,1,0,1,1,2,1,1,5,0,7,4,12,7.47
0,1,17,0,1,1,1,0,0,0,2,1,0,0,1,0,1,0,1,1,5,5,2,2,4,3,10,3,10,8.53
0,1,16,0,1,1,2,2,2,3,1,3,0,1,1,0,0,1,1,1,3,4,1,1,3,2,6,5,13,7.53
0,0,16,0,0,1,2,2,0,0,1,1,0,0,0,0,0,1,0,0,4,4,2,4,5,3,4,4,11,5.65
0,1,17,0,1,3,1,2,2,0,2,2,3,0,1,0,1,1,1,1,4,4,1,1,5,5,5,2,10,9
0,0,17,0,1,2,2,2,2,0,2,1,0,0,0,0,1,0,0,1,5,5,3,5,5,1,7,0,10,6.2
0,0,18,0,1,1,0,0,0,0,3,1,1,1,1,0,0,1,0,0,3,2,1,1,4,1,4,0,13,6.47
0,0,17,0,1,1,1,2,1,0,2,1,0,0,1,0,1,1,1,1,5,5,1,3,2,1,5,0,10,8.08
0,0,18,1,0,1,1,0,0,0,2,2,0,0,1,0,1,1,0,0,3,3,1,4,5,4,0,6,10,9.03
0,1,16,0,0,2,2,2,1,0,1,2,0,0,0,0,1,1,0,1,4,3,1,1,1,0,3,0,12,6.3
0,0,17,1,1,2,2,2,2,0,1,1,1,0,0,0,1,1,0,1,2,1,2,3,5,5,5,0,0,8.84
0,0,16,0,1,3,2,1,2,0,2,1,0,0,0,0,0,1,1,0,5,5,2,3,5,5,0,2,10,6.58
0,0,16,0,0,1,1,0,2,0,2,1,0,0,0,0,1,1,1,0,5,5,2,4,5,2,5,0,9,6.7
0,0,18,0,1,1,1,1,2,0,2,1,1,0,1,0,0,0,1,1,3,3,2,3,5,4,1,2,9,7.93
0,0,18,0,1,3,2,1,2,0,1,1,1,0,0,0,0,0,1,0,3,1,2,2,5,4,3,0,0,9.27
0,0,19,1,1,3,2,0,1,0,2,1,3,0,0,0,1,1,0,0,2,1,1,1,3,5,10,4,9,9.54
0,0,18,1,1,3,3,0,0,0,1,2,2,0,1,0,1,0,1,0,4,5,1,3,3,3,9,9,8,5.83
0,0,16,0,1,2,2,1,1,0,2,1,0,0,1,0,1,1,1,1,4,3,2,4,4,2,1,6,8,6.01
0,0,19,1,1,2,1,0,2,0,2,1,3,0,0,0,1,0,1,1,4,3,1,3,5,5,9,4,9,9.65
0,1,16,1,1,3,2,1,0,0,2,2,2,0,1,0,1,1,0,1,5,5,1,1,1,1,0,8,7,9.42
0,1,17,1,1,1,1,2,0,0,1,1,0,0,1,0,1,1,0,0,3,2,1,2,5,2,4,9,10,7.23
0,0,20,0,1,1,1,2,2,0,2,1,1,0,1,0,0,0,1,1,4,3,2,4,4,2,7,12,10,6.95
0,1,18,0,1,4,3,1,1,0,1,1,0,0,1,0,0,1,1,0,4,4,3,4,2,0,9,8,10,9.19
0,0,18,0,1,3,2,2,2,0,2,1,0,0,1,0,0,1,1,0,5,5,5,5,5,0,7,8,11,6.63
0,0,19,0,1,1,1,2,1,3,3,2,1,0,0,0,0,1,1,0,4,4,3,3,2,3,0,8,11,8.46
0,0,17,1,1,3,3,1,2,0,2,2,1,0,1,0,0,1,1,0,5,4,2,3,3,5,4,4,10,6.97
0,0,18,1,0,1,3,0,1,0,1,1,0,0,0,0,0,0,1,1,3,3,2,3,3,4,3,0,9,7.13
0,0,19,0,1,1,1,2,2,3,3,1,1,0,1,0,0,1,1,0,4,4,3,3,5,3,3,4,10,8.71
0,1,18,1,1,1,2,0,2,0,2,2,2,0,1,0,0,1,0,0,3,3,1,1,5,4,8,2,8,7.11
0,1,19,1,0,1,1,0,2,0,1,1,0,0,1,0,0,0,0,0,4,4,1,1,5,5,6,0,7,6.71
0,1,18,0,1,2,2,2,2,2,2,1,1,0,0,0,0,0,1,1,5,5,1,1,3,2,9,0,0,7.69
0,1,17,0,1,0,0,0,2,0,2,1,0,0,1,0,0,1,1,0,4,3,1,1,5,3,7,0,11,5.05
0,1,17,0,0,3,1,2,0,0,2,3,0,0,1,1,0,0,0,0,2,3,2,2,3,3,9,5,8,5.71
0,1,17,1,1,4,2,2,1,3,1,2,0,1,1,0,1,1,1,0,5,5,1,3,5,4,2,0,0,5.52
0,1,18,0,0,2,2,1,1,0,1,2,1,0,1,0,1,1,1,0,3,3,1,2,4,2,2,3,8,8.11
0,1,17,1,1,4,1,1,0,0,1,1,0,0,1,0,0,1,0,1,2,2,1,1,5,5,7,0,9,6.45
0,1,17,1,0,1,2,0,2,0,1,1,0,0,0,0,0,1,1,0,5,1,1,1,3,4,8,0,10,7.66
0,1,18,1,1,1,1,2,2,0,3,2,2,0,0,0,1,1,0,1,4,4,2,2,5,4,2,3,7,7.18
0,1,18,1,1,2,2,1,0,1,2,2,0,0,0,0,1,1,1,0,3,5,1,1,1,3,0,2,14,8.64
0,1,17,1,1,3,3,1,1,0,2,1,0,0,1,0,0,1,1,0,4,3,1,1,4,4,2,0,13,7.43
0,1,18,1,0,1,2,0,2,1,2,2,0,0,0,0,0,1,1,0,4,3,1,2,4,0,8,0,14,7.98
0,1,18,1,1,4,4,2,2,1,2,2,0,0,0,0,1,1,1,0,3,5,1,2,1,2,3,0,18,9.19
0,0,18,1,0,4,4,1,2,1,1,1,0,0,1,0,1,1,1,0,4,5,1,1,5,5,8,3,17,5.18
0,1,17,1,1,4,2,2,2,0,2,2,0,0,1,0,0,1,1,0,3,3,1,2,4,2,5,0,18,6.27
0,1,18,0,1,2,2,0,2,0,3,2,1,0,0,0,1,1,0,1,3,3,1,1,4,0,0,0,0,8.69
0,0,18,1,0,1,2,0,1,3,2,1,0,0,1,0,0,1,0,0,1,4,5,5,1,2,10,8,11,9.96
0,0,18,0,1,4,4,0,1,2,3,1,0,0,1,1,1,1,1,1,5,5,1,1,1,5,0,5,14,9.46
0,0,17,0,1,1,1,2,1,2,3,1,0,0,0,0,0,0,0,0,2,3,3,4,4,3,7,4,14,8.24
0,1,18,1,1,2,2,2,2,0,2,2,0,0,1,0,0,1,1,1,3,1,1,1,2,0,8,4,10,6.81
0,1,18,1,0,2,2,1,1,0,2,3,0,0,0,0,0,1,1,1,4,5,1,4,3,0,3,0,13,8.35
0,1,18,0,0,4,2,2,2,1,1,2,0,0,0,0,1,1,1,1,3,1,1,1,5,2,10,0,0,5.12
0,1,18,1,1,1,1,0,1,0,3,2,1,0,0,0,0,0,0,0,4,2,1,2,2,3,1,2,10,6.1
0,1,19,1,1,1,1,0,1,2,2,1,1,0,0,0,0,0,0,0,5,5,2,3,2,4,6,0,0,5.66
0,1,17,1,1,4,2,2,2,0,2,4,0,0,0,0,0,1,1,1,2,3,3,1,5,2,9,0,18,6.73
0,1,17,0,0,2,1,1,2,1,2,2,0,0,0,0,1,1,1,1,3,3,1,2,2,2,7,5,12,9.6
0,1,18,1,0,1,1,0,1,0,1,2,0,0,0,0,0,1,0,1,2,3,1,2,3,0,8,2,11,5.25
0,1,18,1,1,1,2,0,0,0,2,2,0,0,1,0,0,0,0,0,1,1,1,1,4,2,2,0,12,7.38
0,1,19,0,1,1,1,0,0,0,2,2,3,0,1,0,1,0,0,1,5,4,1,4,1,1,4,0,0,7.68
0,1,18,0,1,2,2,1,2,3,2,3,0,0,0,0,0,1,1,1,2,1,1,1,4,1,8,5,15,9.89
0,0,17,0,1,4,3,1,2,3,2,2,1,0,1,1,1,1,1,1,5,5,1,3,2,1,4,4,11,8.48
0,1,18,1,1,3,3,1,1,0,1,2,0,0,1,0,0,1,0,1,3,4,1,1,5,5,8,0,10,8.12
0,1,17,0,1,4,4,2,1,2,2,2,0,0,1,1,1,1,1,0,3,3,1,2,5,3,6,2,12,8.76
0,1,17,1,0,3,2,1,2,1,2,2,0,0,0,0,0,1,0,1,2,3,1,2,5,1,0,0,15,6.55
0,0,18,1,0,1,1,2,1,3,2,1,0,0,0,0,0,1,1,1,3,2,1,2,3,1,9,2,14,7.06
0,1,18,1,0,1,1,0,1,0,2,3,0,0,0,0,0,1,1,0,3,2,1,1,4,2,4,0,18,7.63
0,1,18,0,0,1,2,0,2,0,3,2,0,0,0,0,0,1,0,1,3,4,1,4,5,0,10,0,15,5.04
0,1,18,1,1,3,3,1,1,2,2,2,0,0,1,0,0,1,1,1,3,2,1,3,3,0,4,6,13,7.18
0,1,17,1,0,4,4,0,0,0,1,2,0,0,1,0,1,1,1,1,3,4,1,1,1,2,9,4,15,8.58
0,1,17,0,1,1,2,2,1,0,2,2,0,0,0,0,0,1,0,0,2,2,1,2,3,3,0,0,13,9.07
0,0,18,0,1,1,3,0,2,0,2,2,0,0,1,1,0,1,0,0,3,4,2,4,3,5,9,0,9,7.79
0,0,18,1,0,4,4,2,1,2,2,3,0,0,0,0,0,1,1,1,2,2,2,2,5,0,3,0,16,8.82
0,1,17,0,1,1,1,2,1,1,3,1,1,0,1,0,0,1,1,1,2,1,1,2,1,4,0,0,9,9.93
0,1,18,1,1,2,3,0,1,0,2,1,0,0,1,0,0,1,1,1,2,3,1,2,4,3,2,0,10,5.52
0,1,18,0,1,4,4,2,2,2,3,2,0,0,1,0,0,1,1,1,2,2,4,2,5,2,1,0,0,7.7
0,0,18,0,0,1,2,0,1,2,3,1,0,0,1,0,1,0,1,1,3,3,2,3,3,2,8,3,10,7.41
0,1,17,1,1,2,2,2,0,3,1,3,0,0,0,0,1,1,0,1,4,3,1,1,3,3,10,8,12,8.29
0,1,17,0,1,1,2,2,2,0,1,1,0,0,0,0,1,1,1,0,5,5,1,3,1,0,9,4,9,5.84
0,1,18,0,0,4,4,2,2,1,2,3,0,0,0,0,0,1,1,0,4,4,1,1,1,4,6,0,17,9.82
0,1,18,0,1,1,1,2,2,3,4,3,0,0,0,0,0,1,1,0,3,2,1,2,4,2,4,4,12,5.98
0,1,19,0,1,1,1,0,2,0,2,2,1,0,1,0,0,1,1,1,3,3,1,1,3,2,2,4,9,8.3
0,1,18,0,0,4,4,2,1,0,1,2,0,0,0,0,1,1,1,0,4,3,3,4,2,5,8,1,14,8.01
0,1,18,1,1,3,3,2,2,3,1,2,0,0,0,0,0,1,1,1,1,3,1,2,1,2,8,1,16,7.91
0,1,17,0,1,3,1,0,2,1,1,2,0,0,1,0,1,1,1,0,5,4,2,3,1,5,7,10,9,9.92
0,0,18,1,1,4,4,2,2,3,1,2,0,0,0,0,1,1,1,0,2,4,1,4,2,1,8,4,19,7.66
0,0,18,0,1,2,1,2,2,2,2,1,0,0,0,0,1,1,1,1,4,3,1,3,5,3,10,0,0,7.31
0,0,17,1,1,2,3,2,1,3,2,2,0,0,0,0,1,1,1,0,4,3,1,1,3,3,7,4,16,7.61
0,0,19,0,1,1,1,2,1,2,2,1,1,0,0,0,0,1,0,0,3,2,1,3,5,4,0,0,0,7.59
0,0,18,0,1,4,2,2,2,3,2,1,1,0,0,1,0,1,0,0,4,3,4,3,3,4,8,0,0,7.78
0,1,18,0,1,2,2,0,2,2,2,3,0,0,0,0,0,1,0,0,3,3,1,3,4,5,3,0,15,5.98
0,1,17,1,1,4,3,2,2,2,2,2,0,0,0,0,0,1,1,0,5,4,1,1,1,4,4,0,11,9.28
0,1,18,0,1,4,4,2,0,1,3,1,0,0,1,0,1,1,1,1,4,3,2,2,5,3,4,4,10,5.76
0,1,19,0,1,2,3,1,2,0,1,3,1,0,0,0,1,1,1,0,4,2,1,2,5,0,9,4,10,8.35
0,1,18,1,0,3,1,2,1,0,1,2,0,0,1,0,0,1,1,0,3,4,1,1,1,0,6,4,16,6.84
0,1,18,1,1,1,1,2,2,0,2,2,0,0,0,0,1,1,0,0,1,1,1,1,5,3,5,6,9,9.91
0,0,17,1,0,3,1,1,1,0,2,1,0,0,0,0,0,1,1,0,4,5,3,4,2,0,10,6,10,8.51
0,0,18,0,0,3,2,1,2,0,3,1,0,0,0,0,0,1,1,0,4,1,3,4,5,0,7,4,11,9.58
